-- Tagging refers to Resources in general and not only to ArtResources, thus drop foreign key constraint to ArtResource
alter table tagging drop constraint "fk6ed64955de3a851";

INSERT INTO gametype (id, description, label, name, players, roundduration, rounds, workflow, platform) VALUES (8, 'Termina', 'Termina', 'elearnTermina', 1, 60, 30, NULL, 'elearning');

begin transaction;

-- insert test data
insert into tag (id, name, language) values 
	(90001, 'XPath', 'de'),
	(90002, 'Google', 'de'),
	(90003, 'SQL', 'de'),
	(90004, 'XML', 'de'),
	(90005, 'DTD', 'de'),
	(90006, 'Abfragesprache', 'de'),
	(90075, 'W3-Konsortium', 'de'),
	(90076, 'XSLT', 'de'),
	(90077, 'XPointer', 'de'),
	(90078, 'XQuery', 'de'),
	(90079, 'Knoten', 'de'),
	(90080, 'preceding', 'de'),
	(90081, 'following', 'de'),
	(90082, 'Lokalisierungsschritte', 'de'),
	(90083, 'Achse', 'de'),
	(90084, 'Knotentest', 'de'),
	(90085, 'Prädikate', 'de'),
	(90086, 'self', 'de'),
	(90087, 'ancestor', 'de'),
	(90088, 'descendant', 'de'),
	(90089, 'Suchmaschine', 'de'),
	(90090, 'AdSense', 'de'),
	(90091, 'Indizierung', 'de'),
	(90092, 'Sortierung', 'de'),
	(90093, 'Suchergebnisse', 'de'),
	(90094, 'Datenschutz', 'de'),
	(90095, 'PageRank', 'de'),
	(90096, 'Linkpopularität', 'de'),
	(90097, 'Relevanz', 'de'),
	(90098, 'Webcrawler', 'de'),
	(90099, 'Indexgröße', 'de'),
	(90100, 'MapReduce', 'de'),
	(90101, 'Datenbanksprache', 'de'),
	(90102, 'Definition', 'de'),
	(90103, 'Abfrage', 'de'),
	(90104, 'Manipulation', 'de'),
	(90105, 'Daten', 'de'),
	(90106, 'relationale Datenbanken', 'de'),
	(90107, 'SEQUEL', 'de'),
	(90108, 'Befehle', 'de'),
	(90109, 'Datenstrukturen', 'de'),
	(90110, 'relationale Algebra', 'de'),
	(90111, 'Schlüssel', 'de'),
	(90112, 'Referentielle Integrität', 'de'),
	(90113, 'Transaktion', 'de'),
	(90114, 'commit', 'de'),
	(90115, 'rollback', 'de'),
	(90116, 'Filterung', 'de'),
	(90117, 'formale Sprache', 'de'),
	(90118, 'QBE', 'de'),
	(90119, 'Teilmenge', 'de'),
	(90120, 'Datenbanken', 'de'),
	(90121, 'Einfügen', 'de'),
	(90122, 'Auslesen', 'de'),
	(90123, 'Suchen', 'de'),
	(90124, 'Dokumenttyp', 'de'),
	(90125, 'Regeln', 'de'),
	(90126, 'Elementtypen', 'de'),
	(90127, 'Attribute', 'de'),
	(90128, 'Entitäten', 'de'),
	(90129, 'Notationen', 'de'),
	(90130, 'Struktur', 'de'),
	(90131, 'SGML', 'de'),
	(90132, 'NMTOKEN', 'de'),
	(90133, 'CDATA', 'de'),
	(90134, 'IDREF', 'de'),
	(90135, 'Auszeichnungssprache', 'de'),
	(90136, 'Textdaten', 'de'),
	(90137, 'Metasprache', 'de'),
	(90138, 'XML Schema', 'de'),
	(90139, 'RSS', 'de'),
	(90140, 'MathML', 'de'),
	(90141, 'XHtml', 'de'),
	(90142, 'SVG', 'de'),
	(90143, 'GraphML', 'de'),
	(90144, 'Wohlgeformtheit', 'de'),
	(90145, 'Gültigkeit', 'de'),
	(90146, 'Parser', 'de');

insert into term (id, tag_id, rating, enabled) values
	(90201, 90001, 2, true),
	(90202, 90002, 3, true),
	(90203, 90003, 1, true),
	(90204, 90004, 1, true),
	(90205, 90005, 1, true),
	(90206, 90006, 1, true);

insert into term_tag (term_id, confirmedtags_id) values
	(90203, 90101),
	(90203, 90102),
	(90203, 90103),
	(90203, 90104),
	(90203, 90105),
	(90203, 90106),
	(90203, 90107),
	(90203, 90108),
	(90203, 90109),
	(90203, 90110),
	(90203, 90111),
	(90203, 90112),
	(90203, 90113),
	(90203, 90114),
	(90203, 90115),
	(90206, 90116),
	(90206, 90117),
	(90206, 90078),
	(90206, 90003),
	(90206, 90118),
	(90206, 90089),
	(90206, 90119),
	(90206, 90120),
	(90206, 90121),
	(90206, 90122),
	(90206, 90092),
	(90206, 90123),
	(90202, 90089),
	(90202, 90090),
	(90202, 90091),
	(90202, 90092),
	(90202, 90093),
	(90202, 90094),
	(90202, 90095),
	(90202, 90096),
	(90202, 90097),
	(90202, 90098),
	(90202, 90099),
	(90202, 90100),
	(90201, 90075),
	(90201, 90006),
	(90201, 90076),
	(90201, 90077),
	(90201, 90078),
	(90201, 90079),
	(90201, 90080),
	(90201, 90081),
	(90201, 90082),
	(90201, 90083),
	(90201, 90084),
	(90201, 90085),
	(90201, 90086),
	(90201, 90087),
	(90201, 90088),
	(90205, 90124),
	(90205, 90125),
	(90205, 90126),
	(90205, 90127),
	(90205, 90128),
	(90205, 90129),
	(90205, 90130),
	(90205, 90131),
	(90205, 90004),
	(90205, 90132),
	(90205, 90133),
	(90205, 90134),
	(90204, 90135),
	(90204, 90136),
	(90204, 90137),
	(90204, 90005),
	(90204, 90138),
	(90204, 90139),
	(90204, 90140),
	(90204, 90141),
	(90204, 90142),
	(90204, 90143),
	(90204, 90144),
	(90204, 90145),
	(90204, 90146);

commit;