begin transaction;

insert into location (id, name, type) values 
	(8322, 'Grigioni', 'CANTON'), 
	(8323, 'Ticino', 'CANTON'),
	(8324, 'Lingua italiana', 'MISCELLANEOUS');

insert into locationhierarchy (id, name, location_id, sublocation_id) values
	(16680, 'mit', 8311, 8322),
	(16681, 'mit', 8311, 8323),
	(16682, 'mit', 8324, 8305),
	(16683, 'mit', 8324, 8306),
	(16684, 'mit', 8324, 8307),
	(16685, 'mit', 8324, 8308),
	(16686, 'mit', 8324, 8309),
	(16687, 'mit', 8324, 8311);

update locationhierarchy set location_id=8322 where sublocation_id = 8164;
update locationhierarchy set location_id=8322 where sublocation_id = 8144;
update locationhierarchy set location_id=8322 where sublocation_id = 8145;
update locationhierarchy set location_id=8322 where sublocation_id = 8146;
update locationhierarchy set location_id=8322 where sublocation_id = 8147;
update locationhierarchy set location_id=8322 where sublocation_id = 8148;
update locationhierarchy set location_id=8322 where sublocation_id = 8149;
update locationhierarchy set location_id=8322 where sublocation_id = 8150;
update locationhierarchy set location_id=8322 where sublocation_id = 8151;
update locationhierarchy set location_id=8322 where sublocation_id = 8152;
update locationhierarchy set location_id=8322 where sublocation_id = 8153;
update locationhierarchy set location_id=8322 where sublocation_id = 8154;
update locationhierarchy set location_id=8322 where sublocation_id = 8155;
update locationhierarchy set location_id=8322 where sublocation_id = 8156;
update locationhierarchy set location_id=8322 where sublocation_id = 8157;
update locationhierarchy set location_id=8322 where sublocation_id = 8159;
update locationhierarchy set location_id=8322 where sublocation_id = 8160;
update locationhierarchy set location_id=8322 where sublocation_id = 8161;
update locationhierarchy set location_id=8322 where sublocation_id = 8162;
update locationhierarchy set location_id=8322 where sublocation_id = 8164;
update locationhierarchy set location_id=8322 where sublocation_id = 8167;
update locationhierarchy set location_id=8322 where sublocation_id = 8168;
update locationhierarchy set location_id=8322 where sublocation_id = 8169;
update locationhierarchy set location_id=8322 where sublocation_id = 8174;
update locationhierarchy set location_id=8322 where sublocation_id = 8178;

update locationhierarchy set location_id=8323 where sublocation_id = 8098;
update locationhierarchy set location_id=8323 where sublocation_id = 8158;
update locationhierarchy set location_id=8323 where sublocation_id = 8163;
update locationhierarchy set location_id=8323 where sublocation_id = 8165;
update locationhierarchy set location_id=8323 where sublocation_id = 8166;
update locationhierarchy set location_id=8323 where sublocation_id = 8170;
update locationhierarchy set location_id=8323 where sublocation_id = 8171;
update locationhierarchy set location_id=8323 where sublocation_id = 8172;
update locationhierarchy set location_id=8323 where sublocation_id = 8173;
update locationhierarchy set location_id=8323 where sublocation_id = 8175;
update locationhierarchy set location_id=8323 where sublocation_id = 8176;
update locationhierarchy set location_id=8323 where sublocation_id = 8177;
update locationhierarchy set location_id=8323 where sublocation_id = 8179;


insert into geopoint (id,latitude,longitude) values 
	(138095, 47.353711, 6.998291),
	(138096, 46.935261, 6.470947),
	(138097, 46.785016, 6.459961),
	(138098, 46.566414, 6.097412),
	(138099, 46.415139, 6.086426),
	(138100, 46.346928, 6.174316),
	(138101, 46.202646, 5.965576),
	(138102, 46.126556, 5.998535),
	(138103, 46.164614, 6.163330),
	(138104, 46.263443, 6.284180),
	(138105, 46.308996, 6.229248),
	(138106, 46.399988, 6.317139),
	(138107, 46.468133, 6.525879),
	(138108, 46.407564, 6.855469),
	(138109, 46.286224, 6.855469),
	(138110, 46.157005, 6.789551),
	(138111, 46.118942, 6.877441),
	(138112, 46.050361, 6.877441),
	(138113, 45.905300, 7.020264),
	(138114, 45.874712, 7.097168),
	(138115, 45.989329, 7.580566),
	(138116, 45.912944, 7.822266),
	(138117, 46.012224, 7.888184),
	(138118, 46.004593, 7.998047),
	(138119, 46.096091, 8.020020),
	(138120, 46.157005, 8.151855),
	(138121, 46.248250, 8.096924),
	(138122, 46.316584, 8.140869),
	(138123, 46.316584, 8.206787),
	(138124, 46.415139, 8.294678),
	(138125, 46.460566, 8.437500),
	(138126, 46.278631, 8.448486),
	(138127, 46.255847, 8.459473),
	(138128, 46.096091, 8.734131),
	(138129, 46.080852, 8.854980),
	(138130, 45.989329, 8.800049),
	(138131, 45.890008, 8.931885),
	(138132, 45.844108, 8.920898),
	(138133, 45.821143, 9.008789),
	(138134, 45.882361, 9.074707),
	(138135, 45.981695, 9.019775),
	(138136, 46.042736, 8.986816),
	(138137, 46.111326, 9.096680),
	(138138, 46.248250, 9.206543),
	(138139, 46.384833, 9.261475),
	(138140, 46.452997, 9.250488),
	(138141, 46.513516, 9.316406),
	(138142, 46.475699, 9.404297),
	(138143, 46.483265, 9.437256),
	(138144, 46.377254, 9.459229),
	(138145, 46.293816, 9.558105),
	(138146, 46.301406, 9.700928),
	(138147, 46.346928, 9.733887),
	(138148, 46.384833, 9.942627),
	(138149, 46.233053, 10.052490),
	(138150, 46.271037, 10.151367),
	(138151, 46.346928, 10.118408),
	(138152, 46.422713, 10.162354),
	(138153, 46.437857, 10.118408),
	(138154, 46.422713, 10.074463),
	(138155, 46.551305, 10.041504),
	(138156, 46.611715, 10.140381),
	(138157, 46.634351, 10.250244),
	(138158, 46.573967, 10.250244),
	(138159, 46.551305, 10.349121),
	(138160, 46.528635, 10.458984),
	(138161, 46.634351, 10.480957),
	(138162, 46.656977, 10.360107),
	(138163, 46.875213, 10.480957),
	(138164, 46.950262, 10.491943),
	(138165, 46.950262, 10.415039),
	(138166, 47.010226, 10.382080),
	(138167, 46.935261, 10.283203),
	(138168, 46.860191, 10.173340),
	(138169, 46.942762, 9.876709),
	(138170, 47.010226, 9.854736),
	(138171, 47.085085, 9.613037),
	(138172, 47.062638, 9.481201),
	(138173, 47.122476, 9.492188),
	(138174, 47.234490, 9.459229),
	(138175, 47.376035, 9.624023),
	(138176, 47.502359, 9.667969),
	(138177, 47.694974, 9.085693),
	(138178, 47.702368, 8.997803),
	(138179, 47.665387, 8.887939),
	(138180, 47.687579, 8.833008),
	(138181, 47.791016, 8.635254),
	(138182, 47.783635, 8.503418),
	(138183, 47.717154, 8.448486),
	(138184, 47.665387, 8.470459),
	(138185, 47.650588, 8.547363),
	(138186, 47.613570, 8.525391),
	(138187, 47.576526, 8.437500),
	(138188, 47.620975, 8.239746),
	(138189, 47.554287, 8.085938),
	(138190, 47.554287, 7.899170),
	(138191, 47.598755, 7.844238),
	(138192, 47.554287, 7.745361),
	(138193, 47.532038, 7.668457),
	(138194, 47.591346, 7.591553),
	(138195, 47.546872, 7.525635),
	(138196, 47.487513, 7.481689),
	(138197, 47.435519, 7.393799),
	(138198, 47.435519, 7.218018),
	(138199, 47.457809, 7.163086),
	(138200, 47.502359, 7.163086),
	(138201, 47.517201, 7.020264),
	(138202, 47.361153, 6.866455);

insert into locationgeopoint (id, geopoint_id, location_id) values 
	(261127, 138095, 8311),
	(261128, 138096, 8311),
	(261129, 138097, 8311),
	(261130, 138098, 8311),
	(261131, 138099, 8311),
	(261132, 138100, 8311),
	(261133, 138101, 8311),
	(261134, 138102, 8311),
	(261135, 138103, 8311),
	(261136, 138104, 8311),
	(261137, 138105, 8311),
	(261138, 138106, 8311),
	(261139, 138107, 8311),
	(261140, 138108, 8311),
	(261141, 138109, 8311),
	(261142, 138110, 8311),
	(261143, 138111, 8311),
	(261144, 138112, 8311),
	(261145, 138113, 8311),
	(261146, 138114, 8311),
	(261147, 138115, 8311),
	(261148, 138116, 8311),
	(261149, 138117, 8311),
	(261150, 138118, 8311),
	(261151, 138119, 8311),
	(261152, 138120, 8311),
	(261153, 138121, 8311),
	(261154, 138122, 8311),
	(261155, 138123, 8311),
	(261156, 138124, 8311),
	(261157, 138125, 8311),
	(261158, 138126, 8311),
	(261159, 138127, 8311),
	(261160, 138128, 8311),
	(261161, 138129, 8311),
	(261162, 138130, 8311),
	(261163, 138131, 8311),
	(261164, 138132, 8311),
	(261165, 138133, 8311),
	(261166, 138134, 8311),
	(261167, 138135, 8311),
	(261168, 138136, 8311),
	(261169, 138137, 8311),
	(261170, 138138, 8311),
	(261171, 138139, 8311),
	(261172, 138140, 8311),
	(261173, 138141, 8311),
	(261174, 138142, 8311),
	(261175, 138143, 8311),
	(261176, 138144, 8311),
	(261177, 138145, 8311),
	(261178, 138146, 8311),
	(261179, 138147, 8311),
	(261180, 138148, 8311),
	(261181, 138149, 8311),
	(261182, 138150, 8311),
	(261183, 138151, 8311),
	(261184, 138152, 8311),
	(261185, 138153, 8311),
	(261186, 138154, 8311),
	(261187, 138155, 8311),
	(261188, 138156, 8311),
	(261189, 138157, 8311),
	(261190, 138158, 8311),
	(261191, 138159, 8311),
	(261192, 138160, 8311),
	(261193, 138161, 8311),
	(261194, 138162, 8311),
	(261195, 138163, 8311),
	(261196, 138164, 8311),
	(261197, 138165, 8311),
	(261198, 138166, 8311),
	(261199, 138167, 8311),
	(261200, 138168, 8311),
	(261201, 138169, 8311),
	(261202, 138170, 8311),
	(261203, 138171, 8311),
	(261204, 138172, 8311),
	(261205, 138173, 8311),
	(261206, 138174, 8311),
	(261207, 138175, 8311),
	(261208, 138176, 8311),
	(261209, 138177, 8311),
	(261210, 138178, 8311),
	(261211, 138179, 8311),
	(261212, 138180, 8311),
	(261213, 138181, 8311),
	(261214, 138182, 8311),
	(261215, 138183, 8311),
	(261216, 138184, 8311),
	(261217, 138185, 8311),
	(261218, 138186, 8311),
	(261219, 138187, 8311),
	(261220, 138188, 8311),
	(261221, 138189, 8311),
	(261222, 138190, 8311),
	(261223, 138191, 8311),
	(261224, 138192, 8311),
	(261225, 138193, 8311),
	(261226, 138194, 8311),
	(261227, 138195, 8311),
	(261228, 138196, 8311),
	(261229, 138197, 8311),
	(261230, 138198, 8311),
	(261231, 138199, 8311),
	(261232, 138200, 8311),
	(261233, 138201, 8311),
	(261234, 138202, 8311),
	(261235, 138095, 8311);

insert into geopoint (id,latitude,longitude) values 
	(138203, 46.453943, 8.382568),
	(138204, 46.466241, 8.451233),
	(138205, 46.335551, 8.462219),
	(138206, 46.297611, 8.434753),
	(138207, 46.244451, 8.453979),
	(138208, 46.227353, 8.486938),
	(138209, 46.219752, 8.530884),
	(138210, 46.157005, 8.596802),
	(138211, 46.141783, 8.591309),
	(138212, 46.120845, 8.613281),
	(138213, 46.122749, 8.648987),
	(138214, 46.099900, 8.706665),
	(138215, 46.113230, 8.745117),
	(138216, 46.092281, 8.791809),
	(138217, 46.099900, 8.808289),
	(138218, 46.075136, 8.854980),
	(138219, 46.048455, 8.841248),
	(138220, 45.989329, 8.783569),
	(138221, 45.985512, 8.833008),
	(138222, 45.956878, 8.887939),
	(138223, 45.928230, 8.898926),
	(138224, 45.907211, 8.920898),
	(138225, 45.890008, 8.920898),
	(138226, 45.870888, 8.942871),
	(138227, 45.832627, 8.915405),
	(138228, 45.828799, 8.915405),
	(138229, 45.840281, 8.959351),
	(138230, 45.836454, 8.995056),
	(138231, 45.823057, 8.997803),
	(138232, 45.821143, 9.025269),
	(138233, 45.863238, 9.049988),
	(138234, 45.899566, 9.085693),
	(138235, 45.930140, 9.030762),
	(138236, 45.926319, 9.014282),
	(138237, 45.960697, 9.014282),
	(138238, 45.968334, 8.981323),
	(138239, 45.972152, 8.959351),
	(138240, 45.985512, 8.989563),
	(138241, 45.995054, 9.025269),
	(138242, 46.031296, 9.008789),
	(138243, 46.052267, 9.019775),
	(138244, 46.063703, 9.077454),
	(138245, 46.086567, 9.088440),
	(138246, 46.117038, 9.071960),
	(138247, 46.170321, 9.154358),
	(138248, 46.208349, 9.110413),
	(138249, 46.217852, 9.082947),
	(138250, 46.261544, 9.074707),
	(138251, 46.295713, 9.055481),
	(138252, 46.314687, 9.074707),
	(138253, 46.329862, 9.063721),
	(138254, 46.343136, 9.066467),
	(138255, 46.354511, 9.088440),
	(138256, 46.377254, 9.096680),
	(138257, 46.394306, 9.085693),
	(138258, 46.415139, 9.102173),
	(138259, 46.443535, 9.082947),
	(138260, 46.462458, 9.093933),
	(138261, 46.481373, 9.074707),
	(138262, 46.480428, 9.052734),
	(138263, 46.518241, 9.018402),
	(138264, 46.556972, 9.017029),
	(138265, 46.587182, 9.041748),
	(138266, 46.612658, 9.000549),
	(138267, 46.609828, 8.957977),
	(138268, 46.624920, 8.948364),
	(138269, 46.614545, 8.901672),
	(138270, 46.589069, 8.912659),
	(138271, 46.565470, 8.831635),
	(138272, 46.562637, 8.798676),
	(138273, 46.576799, 8.753357),
	(138274, 46.580575, 8.680573),
	(138275, 46.565470, 8.635254),
	(138276, 46.578687, 8.617401),
	(138277, 46.575855, 8.585815),
	(138278, 46.582462, 8.569336),
	(138279, 46.586238, 8.532257),
	(138280, 46.551305, 8.515778),
	(138281, 46.540916, 8.519897),
	(138282, 46.532414, 8.484192),
	(138283, 46.495556, 8.441620),
	(138284, 46.492720, 8.392181),
	(138285, 46.455835, 8.378448),
	(138286, 46.453943, 8.382568);

insert into locationgeopoint (id, geopoint_id, location_id) values 
	(261236, 138203, 8323),
	(261237, 138204, 8323),
	(261238, 138205, 8323),
	(261239, 138206, 8323),
	(261240, 138207, 8323),
	(261241, 138208, 8323),
	(261242, 138209, 8323),
	(261243, 138210, 8323),
	(261244, 138211, 8323),
	(261245, 138212, 8323),
	(261246, 138213, 8323),
	(261247, 138214, 8323),
	(261248, 138215, 8323),
	(261249, 138216, 8323),
	(261250, 138217, 8323),
	(261251, 138218, 8323),
	(261252, 138219, 8323),
	(261253, 138220, 8323),
	(261254, 138221, 8323),
	(261255, 138222, 8323),
	(261256, 138223, 8323),
	(261257, 138224, 8323),
	(261258, 138225, 8323),
	(261259, 138226, 8323),
	(261260, 138227, 8323),
	(261261, 138228, 8323),
	(261262, 138229, 8323),
	(261263, 138230, 8323),
	(261264, 138231, 8323),
	(261265, 138232, 8323),
	(261266, 138233, 8323),
	(261267, 138234, 8323),
	(261268, 138235, 8323),
	(261269, 138236, 8323),
	(261270, 138237, 8323),
	(261271, 138238, 8323),
	(261272, 138239, 8323),
	(261273, 138240, 8323),
	(261274, 138241, 8323),
	(261275, 138242, 8323),
	(261276, 138243, 8323),
	(261277, 138244, 8323),
	(261278, 138245, 8323),
	(261279, 138246, 8323),
	(261280, 138247, 8323),
	(261281, 138248, 8323),
	(261282, 138249, 8323),
	(261283, 138250, 8323),
	(261284, 138251, 8323),
	(261285, 138252, 8323),
	(261286, 138253, 8323),
	(261287, 138254, 8323),
	(261288, 138255, 8323),
	(261289, 138256, 8323),
	(261290, 138257, 8323),
	(261291, 138258, 8323),
	(261292, 138259, 8323),
	(261293, 138260, 8323),
	(261294, 138261, 8323),
	(261295, 138262, 8323),
	(261296, 138263, 8323),
	(261297, 138264, 8323),
	(261298, 138265, 8323),
	(261299, 138266, 8323),
	(261300, 138267, 8323),
	(261301, 138268, 8323),
	(261302, 138269, 8323),
	(261303, 138270, 8323),
	(261304, 138271, 8323),
	(261305, 138272, 8323),
	(261306, 138273, 8323),
	(261307, 138274, 8323),
	(261308, 138275, 8323),
	(261309, 138276, 8323),
	(261310, 138277, 8323),
	(261311, 138278, 8323),
	(261312, 138279, 8323),
	(261313, 138280, 8323),
	(261314, 138281, 8323),
	(261315, 138282, 8323),
	(261316, 138283, 8323),
	(261317, 138284, 8323),
	(261318, 138285, 8323),
	(261319, 138286, 8323),
	(261320, 138203, 8323);

insert into geopoint (id,latitude,longitude) values 
	(138287, 46.172223, 9.151611),
	(138288, 46.301406, 9.283447),
	(138289, 46.411352, 9.266968),
	(138290, 46.445427, 9.244995),
	(138291, 46.498392, 9.272461),
	(138292, 46.509735, 9.360352),
	(138293, 46.471916, 9.420776),
	(138294, 46.509735, 9.459229),
	(138295, 46.384833, 9.464722),
	(138296, 46.308996, 9.558105),
	(138297, 46.301406, 9.700928),
	(138298, 46.354511, 9.733887),
	(138299, 46.339343, 9.766846),
	(138300, 46.377254, 9.948120),
	(138301, 46.350719, 9.992065),
	(138302, 46.278631, 10.003052),
	(138303, 46.229253, 10.057983),
	(138304, 46.248250, 10.184326),
	(138305, 46.343136, 10.107422),
	(138306, 46.399988, 10.162354),
	(138307, 46.437857, 10.134888),
	(138308, 46.422713, 10.079956),
	(138309, 46.460566, 10.036011),
	(138310, 46.547528, 10.046997),
	(138311, 46.615488, 10.123901),
	(138312, 46.630579, 10.255737),
	(138313, 46.551305, 10.316162),
	(138314, 46.536193, 10.447998),
	(138315, 46.611715, 10.480957),
	(138316, 46.690899, 10.360107),
	(138317, 46.796299, 10.442505),
	(138318, 46.935261, 10.480957),
	(138319, 46.998988, 10.387573),
	(138320, 46.924007, 10.266724),
	(138321, 46.924007, 10.244751),
	(138322, 46.863947, 10.217285),
	(138323, 46.848921, 10.090942),
	(138324, 46.946512, 9.871216),
	(138325, 47.021461, 9.871216),
	(138326, 47.021461, 9.827271),
	(138327, 47.062638, 9.607544),
	(138328, 47.055154, 9.470215),
	(138329, 46.961511, 9.508667),
	(138330, 46.882723, 9.448242),
	(138331, 46.916503, 9.250488),
	(138332, 46.860191, 9.102173),
	(138333, 46.875213, 9.058228),
	(138334, 46.818858, 9.003296),
	(138335, 46.815099, 8.882446),
	(138336, 46.732331, 8.772583),
	(138337, 46.702202, 8.684692),
	(138338, 46.581518, 8.668213),
	(138339, 46.566414, 8.843994),
	(138340, 46.623034, 8.909912),
	(138341, 46.600393, 9.041748),
	(138342, 46.502173, 9.019775),
	(138343, 46.468133, 9.091187),
	(138344, 46.217852, 9.063721),
	(138345, 46.172223, 9.129639);

insert into locationgeopoint (id, geopoint_id, location_id) values 
	(261321, 138287, 8322),
	(261322, 138288, 8322),
	(261323, 138289, 8322),
	(261324, 138290, 8322),
	(261325, 138291, 8322),
	(261326, 138292, 8322),
	(261327, 138293, 8322),
	(261328, 138294, 8322),
	(261329, 138295, 8322),
	(261330, 138296, 8322),
	(261331, 138297, 8322),
	(261332, 138298, 8322),
	(261333, 138299, 8322),
	(261334, 138300, 8322),
	(261335, 138301, 8322),
	(261336, 138302, 8322),
	(261337, 138303, 8322),
	(261338, 138304, 8322),
	(261339, 138305, 8322),
	(261340, 138306, 8322),
	(261341, 138307, 8322),
	(261342, 138308, 8322),
	(261343, 138309, 8322),
	(261344, 138310, 8322),
	(261345, 138311, 8322),
	(261346, 138312, 8322),
	(261347, 138313, 8322),
	(261348, 138314, 8322),
	(261349, 138315, 8322),
	(261350, 138316, 8322),
	(261351, 138317, 8322),
	(261352, 138318, 8322),
	(261353, 138319, 8322),
	(261354, 138320, 8322),
	(261355, 138321, 8322),
	(261356, 138322, 8322),
	(261357, 138323, 8322),
	(261358, 138324, 8322),
	(261359, 138325, 8322),
	(261360, 138326, 8322),
	(261361, 138327, 8322),
	(261362, 138328, 8322),
	(261363, 138329, 8322),
	(261364, 138330, 8322),
	(261365, 138331, 8322),
	(261366, 138332, 8322),
	(261367, 138333, 8322),
	(261368, 138334, 8322),
	(261369, 138335, 8322),
	(261370, 138336, 8322),
	(261371, 138337, 8322),
	(261372, 138338, 8322),
	(261373, 138339, 8322),
	(261374, 138340, 8322),
	(261375, 138341, 8322),
	(261376, 138342, 8322),
	(261377, 138343, 8322),
	(261378, 138344, 8322),
	(261379, 138345, 8322),
	(261380, 138287, 8322);

commit;